slang,formal
aa,kakak
abanggg,abang
abanggku,abangku
abeees,habis
abes,habis
abez,habis
abg,abang
abgnya,abangnya
abgnyaah,abangnya
abiez,habis
abiiiiisssss,habis
abiiiss,habis
abis,habis
abisan,habisnya
abisin,habiskan
abisnya,habisnya
abiss,habis
abisss,habis
abiz,habis
abizz,habis
abizzz,habis
abizzzz,habis
abs,habis
accny,persetujuannya
ad,ada
adaa,ada
adaaa,ada
adadikompas,ada di kompas
adain,adakan
adala,adalah
adaloh,ada lo
adapin,menghadapi
adatgorontalo,adat gorontalo
adatnye,adatnya
adatuh,ada itu
add,ada
adkah,adakah
adl,adalah
adlah,adalah
adlh,adalah
ado,ada
ahogers,ahoker
ahokers,ahoker
ahokfighter,ahok pejuang
ahokmasukbui,ahok masuk bui
ahoktidaksendiri,ahok tidak sendiri
ahsudalah,ah sudahlah
akk,administrasi kebijakan kesehatan
amaca,ah masa
ambik,ambil
ambilin,ambilkan
anget,hangat
angetin,hangatkan
antarabangsa,antara bangsa
anterin,antarkan
antoncharliyan,anton charliyan
antr,antar
aok,iya
apamaunya,apa maunya
appnya,aplikasinyya
arep,mau
arulin,pada bermain
aseng,asing
asibg,asing
aulyaa,auliya
awakmu,badanmu
aya,ada
ayashiyan,ayashiya
baang,abang
baangg,abang
babangnya,abangnya
badaaiii,badai
badaii,badai
baidab,biadab
bangg,abang
banx,abang
bapaak,bapak
bapaklu,bapakmu
bapanya,bapaknya
barangsiapa,barang siapa
bareskrim,badan reserse kriminal
basically,pada dasarnya
bayaranatausuruhan,bayaran atau suruhan
bayarin,bayarkan
bdan,badan
bdn,badan
belibet,berbelit
beliiin,belikan
beliin,belikan
belina,belinya
belio,beliau
bem,badan eksekutif mahasiswa
bembem,badan eksekutif mahasiswa
beribadat,beribadah
beritaterhangat,berita terhangat
beurang,beruang
bgks,bungkus
biadaa,biadab
biadap,biadab
binmas,binaan masyarakat
biruadanya,biru adanya
bisaa,bisa
bisaaa,bisa
bisax,bisanya
bisenye,bisanya
bistu,habis itu
bisya,bisa
biza,bisa
bks,bungkus
bl,beli
bli,beli
blingsatanya,belingsatan
blt,bantuan langsung tunai
bmi,body mass index
bnajarmasin,banjarmasin
bngks,bungkus
bnn,badan narkotika nasional
bntar,sebentar
bntr,sebentar
bokef,bokep
bokepasia,bokep asia
bokepasian,bokep asia
bokepbarat,bokep barat
bokepgratis,bokep gratis
bokephot,bokep hot
bokepindo,bokep indo
bokeponline,bokep online
bokepsma,bokep sma
bokepterb,bokep terbaru
boten,tidak
botolkosong,botol kosong
bp,bapak
bpak,bapak
bpd,badan permusyawaratan desa
bpi,bsm pembayaran instusi
bpk,bapak
bpkmu,bapakmu
bpknya,bapaknya
bpknyalah,bapaknyalah
bps,badan pusat statistik
brharga,berharga
brjuang,berjuang
brli,beli
brmslh,bermasalah
bronis,berondong manis
bs,bisa
bsa,bisa
bsn,badan standarisasi nasional
buangtabiat,buang tabiat
bul,kibul
bulshit,kibul
bumil,ibu hamil
buminusantara,bumi nusantara
bunggus,bungkus
bungkusin,bungkuskan
bungkuuussss,bungkus
bungkuuuuuuuuusss,bungkus
byaran,bayaran
byr,bayar
bz,bisa
cadasss,cadas
cepusupriyanto,cepu supriyanto
ceu,mbak
chatan,berkirim chat
ciap,siap
ciapa,siapa
cibuq,sibuk
cpa,siapa
dah,sudah
dalah,adalah
danainvestorasing,dana investor asing
dantaranya,diantaranya
dapa,ada apa
dapah,ada apa
daripaddatidda,dari pada tidak
darpada,daripada
dbuat,dibuat
dbunuh,dibunuh
dbwt,dibuat
dbyr,dibayar
depermasalahkan,dipermasalahkan
dh,sudah
dianter,diantar
dianterin,diantar
dibatalin,dibatalkan
dibayarin,dibayari
dibeliin,dibelikan
dibikin,dibuat
dibikinin,dibuatkan
dibikinkan,dibuatkan
dibuatx,dibuatnya
dibubari,dibubarkan
dibubarin,dibubarkan
dibucinin,dibudakcintakan
dibunderi,dibundari
dibutuhkn,dibutuhkan
diconfirm,dikonfirmasi
dihadapai,dihadapi
dihargain,dihargai
diingini,diinginkan
dikadalin,dikadali
dikenyataanya,pada kenyataannya
dikibulin,dikibuli
dikotak,di kotak
dilabelin,dilabeli
diluangin,diluangkan
dimasa,di masa
dimasalahkan,dipermasalahkan
dimasukin,dimasuki
dimasukkin,dimasuki
dimasyarakat,di masyarakat
dimaui,diinginkan
dimintain,dimintai
dinamakn,dinamakan
dingin,dingin-dingin
diormas,di organisasi masyarakat
dipacking,dibungkus
dipake,dipakai
dipakenya,dipakainya
dipilih dprd,dipilih aja daripada
dipilkada,di pilkada
diplomasipublik,diplomasi publik
diremes,diremas
diributin,diributkan
disadarin,disadarkan
disamain,disamakan
disebuah,di sebuah
disiapin,disiapkan
dismain,disamakan
ditungguin,ditunggu
dki,daerah khusus ibukota
dkm,dewan kemakmuran masjid
dmi,dewan masjid indonesia
dmkn,dimakan
dp,uang muka
dpc,dewan pimpinan cabang
dpke,dipakai
dripada,daripada
dripda,daripada
drp,daripada
drpada,daripada
drpd,daripada
drprd,daripada
dtggu,ditunggu
dtmbh,di tambah
dtnggu,ditunggu
dtunggu,ditunggu
dwaspadai,diwaspadai
ea,iya
ealah,iyalah
egak,tidak
emeessss,gemas
emeezzz,gemas
emeshh,gemas
emesshhh,gemas
emessss,gemas
engga,tidak
enggak,tidak
eomma,ibu
eonni,kakak
eonnie,kakak
eramas,keramas
extravaganzabanyumas,ekstra vaganza banyumas
eyup,iya
fauziah,fauziyah
fkm,fakultas kesehatan masyarakat
freemasonry,freemason
futures,masa depan
g,tidak
ga,tidak
gaabis,enggak habis
gaada,tidak ada
gabakal,tidak akan
gaberani,tidak berani
gabisa,tidak bisa
gabisaa,tidak bisa
gaboleh,tidak boleh
gabut,kurang kerjaan
gada,tidak ada
gaenak,tidak enak
gafatar,gerakan fajar nusantara
gaikut,tidak ikut
gaiza,enggak bisa
gajadi,tidak jadi
gajelas,tidak jelas
gak,tidak
gakhabispikir,enggak habis pikir
gakmau,enggak mau
gakuat,tidak kuat
gakz,tidak
gamasuk,tidak masuk
gamau,tidak mau
ganjaryasin,ganjar yasin
ganjaryasinmenang,ganjar yasin menang
gapake,tidak pakai
gapapa,tidak apa apa
gapapalah,tidak apalah
gapape,tidak apa
gapernah,tidak pernah
gapunya,tidak punya
gasadar,enggak sadar
gasuka,tidak suka
gausah,tidak usah
gazamassacre,gaza massacre
gbisa,enggak bisa
gbs,enggak bisa
gbsa,ga bisa
gda,enggak ada
gelem,mau
geleme,maunya
gemay,gemas
gemeeezzzz,gemas
gemeessss,gemas
gemes,gemas
gemesh,gemas
gemesiin,menggemaskan
gemesin,menggemaskan
gemesinnnnn,menggemaskan
gemesnya,gemasnya
gemess,gemas
gemesshh,gemas
gemesss,gemas
gemesyak,gemas ya
gemez,gemas
gemezz,gemas
gemezzzz,gemas
gemmeeezzz,gemas
geus,sudah
gk,tidak
gkmau,enggak mau
gmau,enggak mau
gmw,enggak mau
gmz,gemas
gpl,tidak pakai lama
gpny,tidak punya
gpp,tidak apa apa
gprnh,tidak pernah
gx,tidak
habes,habis
habi,habis
habiiss,habis
habisin,habiskan
hadapin,hadapi
haragain,menghargai
harakahislamiyah,harakah islamiyah
harg,harga
hargain,hargai
hargs,harga
hbis,habis
hbs,habis
hbskn,habiskan
hdapan,hadapan
hdpn,hadapan
hooh,iya
hook,iya
hrg,harga
hrgai,hargai
hrgny,harganya
http,hypertext transfer protocol
huum,iya
iaa,iya
iah,iya
ibf,international badminton federation
ibukota,ibu kota
ibulagi,ibu lagi
idak,tidak
idr,rupiah
ikr,iya gue tau
imaginenya,imajinasinya
incomenya,pemasukannya
indakk,tidak
indonesiabisa,indonesia bisa
informasiunik,informasi unik
infotech,informasi teknologi
inghinn,ingin
ingi,ingin
inginkn,inginkan
ingnikan,menginginkan
innocense,tidak bersalah
inoleran,tidak toleran
isa,bisa
iseh,masih
isih,masih
islamnusantara,islam nusantara
isnus,islam nusantara
iso,bisa
istimroriah,istimroriyah
ite,informasi transaksi elektronik
iy,iya
iyaa,iya
iyaaa,iya
iyaaaa,iya
iyaap,iya
iyaappps,iya
iyach,iya
iyain,iyakan
iyak,iya
iyamas,iya mas
iyap,iya
iyapz,iya
iye,iya
iyess,iya
iyh,iya
iyha,iya
iyo,iya
iyoo,iya
iyup,iya
iyupz,iya
iz,iya
iza,iya
izza,iya
jalok,minta
jt,juta
jubli,juru beli
ka,kakak
kaa,kakak
kaaa,kakak
kaaaa,kakak
kaaaaa,kakak
kaaakk,kakak
kaak,kakak
kaakaaaa,kakak
kaakk,kakak
kadangkadang,kadang kadang
kaga,tidak
kagak,tidak
kaj,kakak
kaka,kakak
kakakaaaaaaaaaaaaaa,kakak
kakakgh,kakak
kakakkk,kakak
kakakny,kakaknya
kakakuuu,kakakku
kakanga,kakaknya
kakanya,kakaknya
kakk,kakak
kakkk,kakak
kakkkk,kakak
kakkkkk,kakak
kalaupribumi,kalau pribumi
kamiganjaryasin,kami ganjar yasin
kamoanyeberadap,kampanye beradab
kaop,tidak kuat
karoke,karaoke
kartunin,dibuatkan kartun
kating,kakak tingkat
kberdaan,keberadaan
kdang,kadang
kdg,kadang
kdng,kadang
kdnk,kadang
keedaannya,keadaannya
kekadang,terkadang
kekuranganny,kekurangannya
kemakan,termakan
kemashlahatan,kemaslahatan
kemenkeu,kementerian keuangan
kepad,kepada
kepake,terpakai
kepd,kepada
kepda,kepada
kepengen,ingin
kepengenan,keinginan
kepingin,ingin
kepo,ingin tahu
kepoo,ingin tau
ketidakadilan,ke tidak adilan
kewangan,keuangan
key,oke
kga,tidak
kgak,tidak
kgk,tidak
khbisan,kehabisan
kibulin,kibuli
kirimin,kirimkan
kirimn,kiriman
kitaok,kita oke
kk,kakak
kka,kakak
kkak,kakak
kkk,kakak
kmauan,kemauan
kobisa,kok bisa
komanis,kok manis
komau,kok mau
kotakarismatikmadiun,kotak karismatik madiun
kotakpandora,kotak pandora
kpada,kepada
kpd,kepada
kpda,kepada
kpgn,ingin
kpngn,ingin
krg,kurang
krm,kirim
krng,kurang
kuminta,aku minta
kupake,aku pakai
kuper,kurang pergaulan
kurangin,kurangi
kurg,kurang
kurng,kurang
kusiap,aku siap
lapas,lembaga pemasyarakatan
lebihdaripadapolitik,lebih daripada politik
lemes,lemas
linimasa,lini masa
linmas,perlindungan masyarakat
lokalhangat,lokal hangat
lsm,lembaga swadaya masyarakat
maaasss,mas
maaih,masih
maau,mau
maauuu,mau
macak,masak
madesu,masa depan suram
mah,adalah
mahokers,ahoker
mahu,mau
mai,mau
makana,makanya
makananya,makanannya
makane,makanya
makanin,memakan
makanmakannya,makan makannya
makany,makanya
makanyaa,makanya
makanye,makanya
makax,makanya
makn,makan
mamam,makan
mamas,mas
mambiadabkan,membiadabkan
manaatausiapa,mana atau siapa
mangkannya,makanya
mangkanye,makanya
manisnyaaaa,manisnya
manisss,manis
mansyoallah,masyaallah
mao,mau
maok,mau
maoo,mau
masaaaa,masa
masadepaan,masa depan
masaikh,masyaikh
masakin,memasakkan
masalahh,masalah
masalalu,masa lalu
masalalunya,masa lalunya
masalh,masalah
masang,memasang
masayarakat,masyarakat
mascot,maskot
masdjid,masjid
mase,masa
masela,masa
mash,masih
mashaallah,masyaallah
masi,masih
masiih,masih
masing,masing-masing
masio,masih
masjarakat,masyarakat
maslah,masalah
masnyaahh,masnya
maso,masa
massageboy,massage boy
massss,mas
massya,masya
mastiin,memastikan
masu,masuk
masukim,masukan
masukin,memasukkan
masukkan,masukan
masukulah,masuklah
masup,mashup
masy,masyarakat
masyaallahhh,masyaallah
masyarakay,masyarakat
masyrakat,masyarakat
mauk,mau
mauu,mau
mauuu,mau
mauuuu,mau
mauuuuu,mau
mauuuuuu,mau
mauuuuuuu,mau
mauyang,mau yang
maw,mau
may,mau
maz,mas
mb,mbak
mba,mbak
mbaa,mbak
mbaaa,mbak
mbaaass,mbak
mbaak,mbak
mbaakk,mbak
mbak,mbak-mbak
mbaknyaahh,mbaknya
mbaknyah,mbaknya
mbaku,mbakku
mbakx,mbaknya
mbakyu,mbak ayu
mbanya,mbaknya
mbg,mbak
mbil,sambil
mbk,mbak
mboten,tidak
mea,masyarakat ekonomi asean
membata,membatalkan
membatalan,membatalkan
memperjuangakan,memperjuangkan
mendadakkalap,mendadak kalap
mengantrakan,mengantarkan
mentiagakan,meniadakan
mesantren,memondok di pesantren
mesen,memesan
mesih,masih
miinn,admin
millionaire,jutawan
mimin,admin
minmin,admin
minta,meminta
mintain,memintakan
mintk,minta
minumkopiindonesia,minum kopi indonesia
miras,minuman keras
mkan,makan
mkanan,makanan
mkanya,makanya
mkn,makan
mknan,makanan
mkny,makanya
mknya,makanya
mmz,mas
mngkannya,makanya
mnisss,manis
mnt,minta
mnta,minta
mnum,minum
mo,mau
moh,tak mau
money,uang
mortgage,menggadaikan
mosok,masa
mrnghadapi,menghadapi
ms,masih
msa,masa
msalah,masalah
msg,masing
msh,masih
msi,masih
msih,masih
msk,masuk
mskn,masakan
msknya,masaknya
mslh,masalah
mslhnya,masalahnya
msuk,masuk
msyarakat,masyarakat
msyrakt,masyarakat
msyrkt,masyarakat
muhammadiah,muhammadiyah
muhammadiyahinggris,muhammadiyah inggris
muhammady,muhammadiyah
mulutmuharimaumu,mulutmu harimaumu
mw,mau
mz,mas
nadakah,adakah
nadalah,adalah
nambahh,bertambah
nambil,ambil
named,dinamakan
napada,kepada
nasbung,nasi bungkus
nasing,asing
nauk,lauk
nax,ingin
nbeli,beli
nbeliau,beliau
nbiadab,biadab
nbisa,bisa
nbuah,buah
nbuang,buang
nda,tidak
ndabisa,tidak bisa
ndadanya,dadanya
ndah,sudah
ndak,tidak
ndakda,tidak ada
ndakk,tidak
ndaripada,daripada
ndax,tidak
ndda,tidak
ndiantara,diantara
ndk,tidak
ndki,daerah khusus ibukota
nembak,menembak
nembakin,menembaki
nengga,tidak
nga,tidak
ngabilin,mengambilkan
ngabisa,tidak bisa
ngaboleh,tidak boleh
ngada,tidak ada
ngadain,mengadakan
ngadepin,menghadapi
ngadmin,admin
ngahok,ahoker
ngajelas,tidak jelas
ngak,tidak
ngakuadh,tidak kuat
ngakuat,tidak kuat
ngambil,mengambil
ngantar,mengantar
nganter,mengantar
nganterin,mengantarkan
ngausah,tidak usah
ngayah,tidak ya
ngebatalin,membatalkan
ngebokep,menonton bokep
ngebuang,membuang
ngedm,mengirim pesan
ngegemesin,menggemaskan
ngegmesin,menggemaskan
ngehargain,menghargai
ngejuangin,memperjuangkan
ngemesin,menggemaskan
ngeroket,meroket
ngg,tidak
ngga,tidak
nggax,tidak
nggeh,iya
nggih,iya
nggk,tidak
ngibadah,beribadah
ngibulnya,mengibulnya
ngin,ingin
ngk,tidak
ngmbl,mengambil
ngocol,kurang ajar
ngopi,minum kopi
ngregani,menghargai
nhabis,habis
nharga,harga
ningin,ingin
niya,iya
niyain,iyakan
nkadang,kadang
nkak,kakak
nkehabisan,kehabisan
nkekadang,terkadang
nkepada,kepada
nmadesu,masa depan suram
nmakan,makan
nmakane,makanya
nmakanya,makanya
nmasa,masa
nmasalah,masalah
nmasalahnya,masalahnya
nmasih,masih
nmasuk,masuk
nmasuknya,masuknya
nmau,mau
nmaw,mau
nmbk,menembak
nmenyembelih,menyembelih
nmo,mau
nmw,mau
nnambah,tambah
nnusantara,nusantara
nocomment,tidak berkomentar
nok,oke
noke,oke
noks,oke
nontonbokep,menonton bokep
npada,pada
npadahal,padahal
npakai,pakai
npakew,pakai
npdhal,padahal
npdhl,padahal
npengen,ingin
nreformasi,reformasi
nribuan,ribuan
nrm,non rebreathing mask
nrupiah,rupiah
nsebentar,sebentar
nsetuju,setuju
nsiapa,siapa
nsiapakah,siapakah
nsiapapun,siapapun
nsibuk,sibuk
nsudah,sudah
nsutradaranya,sutradaranya
ntdk,tidak
ntermasuk,termasuk
ntiada,tiada
ntidak,tidak
ntka,tenaga kerja asing
ntydack,tidak
nudah,sudah
nusantar,nusantara
nusantaraexpress,nusantara express
nusantars,nusantara
nusantra,nusantara
nwaspada,waspada
nwaspadalah,waspadalah
nyadain,menyadarkan
nyadar,menyadari
nyadarnya,menyadarinya
nyalah,iyalah
nyamain,menyamakan
nyap,iya
nyarimakan,mencari makanan
nyasudah,ya sudah
nyehoyada,yehoyada
nykap,ibu
nykapz,ibu
nykp,ibu
nyoi,iya
nyokap,ibu
oc,oke
oce,oke
ohiya,oh iya
oia,oh iya
oiya,oh iya
oiyaa,oh iya
ojo,ojek online
ojol,ojek online
ok,oke
okedech,oke deh
okedeh,oke deh
okeh,oke
okeoce,oke oce
okesiip,oke sip
okesip,oke sip
okezonenews,okezone news
okokok,oke
okz,oke
ongkiir,ongkos kirim
ongkir,ongkos kirim
oprasiya,operasinya
ora,tidak
ormas,organisasi masyarakat
pabumnews,panas bumi news
padahall,padahal
padahl,padahal
padakaryatunai,pada karya tunai
padet,padat
padetan,padatan
padhl,padahal
pake,pakai
pakek,pakai
pakke,pakai
panasbug,panasbung
panasbumi,panas bumi
pansbung,panasbung
pasnasbung,panasbung
pd,pada
pda,pada
pdahal,padahal
pdhal,padahal
pdhall,padahal
pdhl,padahal
pdng,padang
pedes,pedas
pedesssss,pedas
peengn,ingin
pematangaiantar,pematangsiantar
pemimpindarimasjid,pemimpin dari masjid
pen,ingin
penbelian,pembelian
pengan,ingin
pengeeenn,ingin
pengeen,ingin
pengen,ingin
pengenn,ingin
pengennn,ingin
pengennnn,ingin
pengennya,inginnya
penghadangan,pengadangan
penghrgaan,penghargaan
pengin,ingin
pengn,ingin
percayaganjaryasin,percaya ganjar yasin
permasalhkan,mempermasalahkan
permesta,perjuangan rakyat semesta
pernghargaan,penghargaan
pesantten,pesantren
pesen,pesan
pgen,ingin
pghadangan,pengadangan
pghargaan,penghargaan
pgin,ingin
pgn,ingin
pgnnya,inginnya
pingin,ingin
pinginnn,ingin
pinginnya,inginnya
pingn,ingin
pkai,pakai
pke,pakai
pkee,pakai
pkek,pakai
pkk,pakai
plantaran,lantaran
pmbyran,pembayaran
pngen,ingin
pngenn,ingin
pngn,ingin
ponpes,pondok pesantren
pospera,posko perjuangan rakyat
pqdahal,padahal
prestasiny,prestasinya
pribumu,pribumi
prjuangan,perjuangan
putaranpilkada,putaran pilkada
pwt,purwokerto
pyjamas,piyama
qaqa,kakak
qaqaaaa,kakak
qey,oke
qias,qiyas
qq,kakak
rabbaniah,rabbaniyah
radenmas,raden mas
raiso,enggak bisa
ramadhan,ramadan
ramasan,ramadan
rb,ribu
rbu,ribu
rbuan,ribu
rdpu,reksadana pasar uang
realized,menyadari
rebuan,ribuan
recomendasinya,rekomendasinya
reform,reformasi
reforma,reformasi
reklomasi,reklamasi
reksadanasam,reksadana
repdem,relawan pejuang demokrasi
rhu,razia hiburan umum
ributin,meributkan
ribuut,ribut
ripd,daripada
rp,rupiah
sabangmerauke,sabang merauke
sabi,bisa
sabodo,masa bodoh
sadarin,sadarkan
saha,siapa
sakedap,sebentar
samain,samakan
samakn,samakan
samara,sakinah mawadah rahman
sampis,sampah habis
sape,siapa
satgi,sebentar
satlinmas,satuan perlindungan masyarakat
sbisa,sebisa
sbnt,sebentar
sbntr,sebentar
sbtr,sebentar
sbuah,sebuah
sbuk,sibuk
sdah,sudah
sdar,sadar
sdarla,sadarlah
sdh,sudah
sdr,sadar
sdrlah,sadarlah
sekarepmu,semaumu
sekedar,sekadar
sekedarnya,sekadarnya
sembelehin,sembelihkan
sesiapa,siapa
setju,setuju
setuja,setuju
setujunya,setuju
setujuu,setuju
setujuuu,setuju
setujuuuu,setuju
shameonyou,kecewa padamu
shap,siap
shaps,siap
shegiya,chagiya
siaaap,siap
siaap,siap
siapaa,siapa
siapaaniessandi,siapa anies sandi
siapayahh,siapa ya
siape,siapa
siapepun,siapapun
siapin,siapkan
siapp,siap
siappa,siapa
siapsableng,siap sableng
sibukx,sibuknya
sidak,inspeksi mendadak
siiaapp,siap
siyaap,siap
siyaph,siap
skdr,sekadar
skedar,sekadar
smasa,semasa
smashblast,smash blast
smashisback,smash is back
smaunya,semaunya
smbil,sambil
smbl,sambil
smstan,berkirim sms
snack,makanan ringan
snek,makanan ringan
society,masyarakat
sopo,siapa
sosayeti,masyarakat
sp,siapa
spiritgn,spirit gebyar nusantara
stidaknya,setidaknya
stju,setuju
stuju,setuju
sud,sudah
suda,sudah
sudab,sudah
sudahq,sudah
sudh,sudah
swamsembada,swasembada
syp,siapa
sypa,siapa
takbela,tidak membela
takda,tidak ada
takde,tak ada
takleh,tidaklah
taknak,tak mau
tambahh,tambah
tambahim,tambahkan
tambahin,tambahkan
tambain,tambahkan
tambh,tambah
tambsh,tambah
tampa,tanpa
tanp,tanpa
tanpapakai,tanpa pakai
tdak,tidak
tdk,tidak
tdklah,tidaklah
tehadap,terhadap
tekibul,terkibul
telantarkan,terlantarkan
temanmakanteman,teman makan teman
temlen,lini masa
teoristidakberakal,teori tidak berakal
terhdap,terhadap
termasu,termasuk
terprepare,tersiapkan
tetapwaspada,tetap waspada
tf,transfer
tggu,tunggu
thd,terhadap
thdp,terhadap
tida,tidak
tidack,tidak
tidah,tidak
tidakbb,tidak
tidakkkk,tidak
tidaknya,setidaknya
tidk,tidak
tidka,tidak
tido,tidak
timeline,lini masa
timlen,lini masa
tka,tenaga kerja asing
tl,lini masa
tmbah,tambah
tmbh,tambah
tmhain,tambahkan
tmsk,termasuk
tnggu,tunggu
tnp,tanpa
tnpa,tanpa
toketgede,toket gede
toketmulus,toket mulus
tomas,thomas
transferanya,transferannya
trbuang,terbuang
trf,transfer
trhadap,terhadap
trhdp,terhadap
trkdg,terkadang
trkdng,terkadang
trkrim,terkirim
trmanis,termanis
trmasuk,termasuk
trmsk,termasuk
trmsuk,termasuk
trnsfr,transfer
tteh,embak
tth,mbak
tuney,tunai
tungu,tunggu
twoshoot,dua tembakan
tydac,tidak
tydack,tidak
tydak,tidak
uangkita,uang kita
ud,sudah
uda,sudah
udaah,sudah
udab,sudah
udah,sudah
udahh,sudah
udahlah,sudahlah
udd,sudah
udeeh,sudah
udeh,sudah
udehh,sudah
udh,sudah
udhga,sudah tidak
uke,oke
ummi,ibu
unbranded,tidak bermerek
unfairness,ketidakadilan
unnie,kakak perempuan
unpub,tidak dipublikasikan
unskilled,tidak terampil
useless,tidak berguna
usyriyah,syriyah
videobokep,video bokep
videobokepgrat,video bokep gratis
vidkep,video bokep
visualnya,visualisasinya
vn,pesan suara
wagakbener,wah tidak benar
wahabism,wahabisme
wahabrer,wah tidak benar
wait,tunggu
wanna,ingin
wargapribumiasli,warga pribumi asli
waspadai,mewaspadai
waspadailah,waspadalah
waspadanya,waspadalah padanya
wes,sudah
weslah,sudahlah
wess,sudah
winters,musim dingin
wis,sudah
wisan,sudahan
without,tanpa
wna,warga negara asing
ws,sudah
y,iya
yaap,iya
yaapss,iya
yadong,iya dong
yai,ya iyalah
yaila,ya iyalah
yailaah,ya iyalah
yailah,ya iyalah
yaiyalah,ya iyalah
yakan,iyakan
yanga,ya tidak
yao,iya
yaoi,iya
yaola,ya tidak
yap,iya
yappp,iya
yauda,ya sudah
yaudah,ya sudah
yaudahlah,ya sudahlah
yaudh,ya sudah
yaw,iya
yawdah,ya sudah
ye,iya
yebin,iya biarkan
yee,iya
yeee,iya
yeeee,iya
yegak,iya atau tidak
yeh,iya
yeho,iya
yekan,iyakan
yelah,iya
yes,iya
yeshh,iya
ygvtidak,yang tidak
yo,iya
yoi,iya
yoiii,iya
yoiiu,iya
yoj,iya
yoo,iya
yooa,iya
yoooiii,iya
yowis,ya sudah
yuhu,iya
yuhuu,iya
yui,iya
yup,iya
yups,iya
yupz,iya
yuta,juta
ywdh,ya sudah
yy,iya iya
yya,iya
pesen dong,pesan dong
order,pesan
ord,pesan
book,pesan
mau,ingin memesan
request,pesan
pcs,buah
biji,buah
mangkok,mangkuk
mgkok,mangkuk
pack,bungkus
rebu,ribu
perak,rupiah
sip,oke
kak,kakak
min,admin
bang,abang
bu,ibu
pak,bapak
ttl,total
gak pake,tidak pakai
no,tidak
plus,tambah
cod,bayar di tempat
pickup,ambil sendiri
ambil,ambil sendiri
